{
    "ACTION_DIM": 2,
    "ACTOR_LR": 0.0003,
    "ALPHA_1": 1.0,
    "ALPHA_2": 0.4,
    "ALPHA_3": 2.0,
    "ALPHA_4": 50.0,
    "ALPHA_LR": 0.0003,
    "AREA_HEIGHT": 700,
    "AREA_WIDTH": 700,
    "ATTN_HIDDEN_DIM": 64,
    "ATTN_NUM_HEADS": 4,
    "AVG_FILE_SIZE": 3046244.053333333,
    "AWGN": 1e-13,
    "BANDWIDTH_BACKHAUL": 10000000,
    "BANDWIDTH_EDGE": 40000000,
    "BANDWIDTH_INTER": 20000000,
    "BOUNDARY_PENALTY": 10.0,
    "COLLISION_AVOIDANCE_ITERATIONS": 20,
    "COLLISION_PENALTY": 10.0,
    "CPU_CYCLES_PER_BYTE": [
        3482,
        2087,
        3396,
        3123,
        2871,
        3687,
        2130,
        3685,
        3332,
        2769,
        2343,
        3515,
        3437,
        2805,
        2385,
        3215,
        2955,
        2276,
        3184,
        2459,
        3337,
        2021,
        2252,
        2747,
        2856
    ],
    "CRITIC_LR": 0.0003,
    "DISCOUNT_FACTOR": 0.99,
    "DYNAMIC_OBSTACLE_RADIUS": 20.0,
    "DYNAMIC_OBSTACLE_SPEED_RANGE": [
        -3.0,
        3.0
    ],
    "EPSILON": 1e-09,
    "FILE_SIZES": [
        1917040,
        2548762,
        3253882,
        2919486,
        4530409,
        4295231,
        1654811,
        1527035,
        1648143,
        2500942,
        1065725,
        4275709,
        1084654,
        1953277,
        2954354,
        3688875,
        3416182,
        4474675,
        3652991,
        3370690,
        3428388,
        1528178,
        3663046,
        3586644,
        2305416,
        3570406,
        3446609,
        3763139,
        4416664,
        4385659,
        4385357,
        4350769,
        3795513,
        4877640,
        2465689,
        1068148,
        2825665,
        3745683,
        4397723,
        4003758,
        3775995,
        3669995,
        1256508,
        1803591,
        1896942,
        3203682,
        1604365,
        2870928,
        3557489,
        2773415,
        3055555,
        1805889,
        2508349,
        3305413,
        4910197,
        4486825,
        2363715,
        2220405,
        1271836,
        4584702,
        3095505,
        4087065,
        3299435,
        1196769,
        3658505,
        2271741,
        4769315,
        2046797,
        4047262,
        2584398,
        3585031,
        1564685,
        3879190,
        2402107,
        2311736
    ],
    "GDSF_SMOOTHING_FACTOR": 0.75,
    "G_CONSTS_PRODUCT": 0.0003244132,
    "IMG_FREQ": 1000,
    "INITIAL_NOISE_SCALE": 0.2,
    "INITIAL_RANDOM_STEPS": 5000,
    "K_CPU": 1e-27,
    "LEARN_FREQ": 10,
    "LOG_FREQ": 10,
    "LOG_STD_MAX": 2,
    "LOG_STD_MIN": -20,
    "MAX_ASSOCIATED_UES": 30,
    "MAX_GRAD_NORM": 0.5,
    "MAX_INPUT_SIZE": 5000000,
    "MAX_UAV_NEIGHBORS": 4,
    "MBS_POS": [
        350.0,
        350.0,
        30.0
    ],
    "MIN_INPUT_SIZE": 1000000,
    "MIN_NOISE_SCALE": 0.01,
    "MIN_UAV_SEPARATION": 200.0,
    "MLP_HIDDEN_DIM": 128,
    "MODEL": "attention_matd3",
    "NEIGHBOR_OBS_DIM": 2,
    "NOISE_CLIP": 0.5,
    "NOISE_DECAY_RATE": 0.995,
    "NON_SERVED_LATENCY_PENALTY": 20.0,
    "NUM_CONTENTS": 50,
    "NUM_DYNAMIC_OBSTACLES": 0,
    "NUM_FILES": 75,
    "NUM_SERVICES": 25,
    "NUM_STATIC_OBSTACLES": 5,
    "NUM_UAVS": 5,
    "NUM_UES": 100,
    "OBSTACLE_COLLISION_PENALTY": 20.0,
    "OBS_DIM_SINGLE": 265,
    "POLICY_UPDATE_FREQ": 2,
    "POWER_HOVER": 80.0,
    "POWER_MOVE": 100.0,
    "PPO_BATCH_SIZE": 200,
    "PPO_CLIP_EPS": 0.2,
    "PPO_ENTROPY_COEF": 0.01,
    "PPO_EPOCHS": 10,
    "PPO_GAE_LAMBDA": 0.95,
    "PPO_ROLLOUT_LENGTH": 1000,
    "PROB_GAMMA": 0.5,
    "REPLAY_BATCH_SIZE": 256,
    "REPLAY_BUFFER_SIZE": 1000000,
    "REWARD_SCALING_FACTOR": 0.01,
    "SEED": 42,
    "SELF_OBS_DIM": 77,
    "STATIC_OBSTACLE_RADIUS": 30.0,
    "STEPS_PER_EPISODE": 1000,
    "TARGET_POLICY_NOISE": 0.2,
    "TEST_IMG_FREQ": 100,
    "TEST_LOG_FREQ": 1,
    "TIME_SLOT_DURATION": 1.0,
    "TRANSMIT_POWER": 0.5,
    "T_CACHE_UPDATE_INTERVAL": 50,
    "UAV_ALTITUDE": 100,
    "UAV_COMPUTING_CAPACITY": [
        11000000000,
        14000000000,
        7000000000,
        11000000000,
        15000000000
    ],
    "UAV_COVERAGE_RADIUS": 100.0,
    "UAV_SENSING_RANGE": 300.0,
    "UAV_SPEED": 15.0,
    "UAV_STORAGE_CAPACITY": [
        78000000,
        68000000,
        54000000,
        47000000,
        60000000
    ],
    "UE_BATTERY_CAPACITY": 100.0,
    "UE_CRITICAL_THRESHOLD": 30.0,
    "UE_MAX_DIST": 15.0,
    "UE_MAX_WAIT_TIME": 10,
    "UE_OBS_DIM": 6,
    "UE_STATIC_POWER": 0.05,
    "UPDATE_FACTOR": 0.01,
    "WPT_EFFICIENCY": 0.6,
    "WPT_TRANSMIT_POWER": 500000000.0,
    "ZIPF_BETA": 0.8
}